"annotation_id","annotator","created_at","id","label","lead_time","text","updated_at"
442,"1","2025-01-26T20:10:00Z",442,"[{""start"":0,""end"":4,""text"":""मुझे"",""labels"":[""\""PRON\""""]},{""start"":5,""end"":10,""text"":""बताया"",""labels"":[""\""VERB\""""]},{""start"":11,""end"":14,""text"":""गया"",""labels"":[""\""VERB\""""]},{""start"":15,""end"":17,""text"":""है"",""labels"":[""\""PART\""""]},{""start"":18,""end"":20,""text"":""कि"",""labels"":[""\""CONJ\""""]},{""start"":21,""end"":31,""text"":""Department"",""labels"":[""\""PROPN\""""]},{""start"":32,""end"":34,""text"":""of"",""labels"":[""\""ADP\""""]},{""start"":35,""end"":43,""text"":""Commerce"",""labels"":[""\""PROPN\""""]},{""start"":44,""end"":46,""text"":""इस"",""labels"":[""\""PRON\""""]},{""start"":47,""end"":51,""text"":""दिशा"",""labels"":[""\""NOUN\""""]},{""start"":52,""end"":54,""text"":""में"",""labels"":[""\""ADP\""""]},{""start"":55,""end"":58,""text"":""एक"",""labels"":[""\""DET\""""]},{""start"":59,""end"":65,""text"":""Online"",""labels"":[""\""ADJ\""""]},{""start"":66,""end"":72,""text"":""Portal"",""labels"":[""\""NOUN\""""]},{""start"":73,""end"":75,""text"":""पर"",""labels"":[""\""ADP\""""]},{""start"":76,""end"":78,""text"":""भी"",""labels"":[""\""ADV\""""]},{""start"":79,""end"":82,""text"":""काम"",""labels"":[""\""NOUN\""""]},{""start"":83,""end"":85,""text"":""कर"",""labels"":[""\""VERB\""""]},{""start"":86,""end"":92,""text"":""रहा है"",""labels"":[""\""PART\""""]}]",353.463,"मुझे बताया गया है कि Department of Commerce इस दिशा में एक Online Portal पर भी काम कर रहा है।","2025-01-26T20:10:00Z"
443,"1","2025-01-26T20:15:00Z",443,"[{""start"":0,""end"":3,""text"":""देश"",""labels"":[""\""NOUN\""""]},{""start"":4,""end"":6,""text"":""के"",""labels"":[""\""ADP\""""]},{""start"":7,""end"":18,""text"":""यूनिवर्सिटी"",""labels"":[""\""NOUN\""""]},{""start"":20,""end"":25,""text"":""कॉलेज"",""labels"":[""\""NOUN\""""]},{""start"":26,""end"":29,""text"":""और"",""labels"":[""\""CONJ\""""]},{""start"":30,""end"":33,""text"":""R&D"",""labels"":[""\""PROPN\""""]},{""start"":34,""end"":45,""text"":""Institutions"",""labels"":[""\""NOUN\""""]},{""start"":46,""end"":48,""text"":""में"",""labels"":[""\""ADP\""""]},{""start"":49,""end"":55,""text"":""बेहतर"",""labels"":[""\""ADJ\""""]},{""start"":56,""end"":63,""text"":""Synergy"",""labels"":[""\""NOUN\""""]},{""start"":64,""end"":67,""text"":""आज"",""labels"":[""\""ADV\""""]},{""start"":68,""end"":72,""text"":""हमारे"",""labels"":[""\""PRON\""""]},{""start"":73,""end"":77,""text"":""देश"",""labels"":[""\""NOUN\""""]},{""start"":78,""end"":80,""text"":""की"",""labels"":[""\""ADP\""""]},{""start"":81,""end"":85,""text"":""सबसे"",""labels"":[""\""ADV\""""]},{""start"":86,""end"":90,""text"":""बड़ी"",""labels"":[""\""ADJ\""""]},{""start"":91,""end"":96,""text"":""जरूरत"",""labels"":[""\""NOUN\""""]},{""start"":97,""end"":103,""text"":""बन गई"",""labels"":[""\""VERB\""""]},{""start"":104,""end"":106,""text"":""है"",""labels"":[""\""PART\""""]}]",362.186,"देश के यूनिवर्सिटी, कॉलेज और R&D Institutions में बेहतर Synergy, आज हमारे देश की सबसे बड़ी जरूरत बन गई है।","2025-01-26T20:15:00Z"
444,"1","2025-01-26T20:18:47Z",444,"[{""start"":0,""end"":4,""text"":""पहली"",""labels"":[""\""NUM\""""]},{""start"":5,""end"":7,""text"":""बार"",""labels"":[""\""NOUN\""""]},{""start"":8,""end"":11,""text"":""देश"",""labels"":[""\""NOUN\""""]},{""start"":12,""end"":14,""text"":""के"",""labels"":[""\""ADP\""""]},{""start"":15,""end"":21,""text"":""स्कूलों"",""labels"":[""\""NOUN\""""]},{""start"":21,""end"":24,""text"":""में"",""labels"":[""\""ADP\""""]},{""start"":25,""end"":29,""text"":""Atal"",""labels"":[""\""PROPN\""""]},{""start"":30,""end"":39,""text"":""Tinkering"",""labels"":[""\""PROPN\""""]},{""start"":40,""end"":45,""text"":""Labs"",""labels"":[""\""PROPN\""""]},{""start"":46,""end"":48,""text"":""से"",""labels"":[""\""ADP\""""]},{""start"":49,""end"":53,""text"":""लेकर"",""labels"":[""\""CONJ\""""]},{""start"":54,""end"":58,""text"":""उच्च"",""labels"":[""\""ADJ\""""]},{""start"":59,""end"":68,""text"":""संस्थानों"",""labels"":[""\""NOUN\""""]},{""start"":68,""end"":71,""text"":""में"",""labels"":[""\""ADP\""""]},{""start"":72,""end"":76,""text"":""Atal"",""labels"":[""\""PROPN\""""]},{""start"":77,""end"":86,""text"":""Incubation"",""labels"":[""\""PROPN\""""]},{""start"":87,""end"":94,""text"":""Centers"",""labels"":[""\""PROPN\""""]},{""start"":95,""end"":98,""text"":""तक"",""labels"":[""\""ADP\""""]},{""start"":99,""end"":101,""text"":""पर"",""labels"":[""\""ADP\""""]},{""start"":102,""end"":107,""text"":""फोकस"",""labels"":[""\""NOUN\""""]},{""start"":108,""end"":114,""text"":""किया जा"",""labels"":[""\""VERB\""""]},{""start"":115,""end"":121,""text"":""रहा है"",""labels"":[""\""PART\""""]}]",211.924,"पहली बार देश के स्कूलों में Atal Tinkering Labs से लेकर उच्च संस्थानों में Atal Incubation Centers तक पर फोकस किया जा रहा है।","2025-01-26T20:18:47Z"
445,"1","2025-01-26T21:47:35Z",445,"[{""start"":0,""end"":3,""text"":""IIT"",""labels"":[""\""PROPN\""""]},{""start"":4,""end"":13,""text"":""Kharagpur"",""labels"":[""\""PROPN\""""]},{""start"":14,""end"":16,""text"":""IIT"",""labels"":[""\""PROPN\""""]},{""start"":17,""end"":21,""text"":""Delhi"",""labels"":[""\""PROPN\""""]},{""start"":22,""end"":25,""text"":""और"",""labels"":[""\""CONJ\""""]},{""start"":26,""end"":29,""text"":""BHU"",""labels"":[""\""PROPN\""""]},{""start"":30,""end"":32,""text"":""में"",""labels"":[""\""ADP\""""]},{""start"":33,""end"":38,""text"":""तीन"",""labels"":[""\""NUM\""""]},{""start"":39,""end"":61,""text"":""Sophisticated Analytical और Technical Help Institutes"",""labels"":[""\""NOUN\""""]},{""start"":62,""end"":65,""text"":""(SATHI)"",""labels"":[""\""PROPN\""""]},{""start"":66,""end"":69,""text"":""भी"",""labels"":[""\""PART\""""]},{""start"":70,""end"":73,""text"":""सेवा"",""labels"":[""\""NOUN\""""]},{""start"":74,""end"":76,""text"":""दे"",""labels"":[""\""VERB\""""]},{""start"":77,""end"":80,""text"":""रहे"",""labels"":[""\""VERB\""""]},{""start"":81,""end"":82,""text"":""हैं"",""labels"":[""\""VERB\""""]},{""start"":83,""end"":84,""text"":""।"",""labels"":[""\""X\""""]}]","460.235","IIT Kharagpur, IIT Delhi और BHU में तीन Sophisticated Analytical और Technical Help Institutes (SATHI) भी सेवा दे रहे हैं।","2025-01-26T21:47:35Z"
446,"1","2025-01-26T20:30:00Z",446,"[{""start"":0,""end"":3,""text"":""देश"",""labels"":[""\""NOUN\""""]},{""start"":4,""end"":6,""text"":""में"",""labels"":[""\""ADP\""""]},{""start"":7,""end"":11,""text"":""पहली"",""labels"":[""\""NUM\""""]},{""start"":12,""end"":15,""text"":""बार"",""labels"":[""\""NOUN\""""]},{""start"":16,""end"":20,""text"":""National"",""labels"":[""\""PROPN\""""]},{""start"":21,""end"":30,""text"":""Research"",""labels"":[""\""PROPN\""""]},{""start"":31,""end"":41,""text"":""Foundation"",""labels"":[""\""PROPN\""""]},{""start"":42,""end"":44,""text"":""का"",""labels"":[""\""ADP\""""]},{""start"":45,""end"":51,""text"":""निर्माण"",""labels"":[""\""NOUN\""""]},{""start"":52,""end"":57,""text"":""किया"",""labels"":[""\""VERB\""""]},{""start"":58,""end"":63,""text"":""जा"",""labels"":[""\""PART\""""]},{""start"":64,""end"":66,""text"":""रहा"",""labels"":[""\""PART\""""]},{""start"":67,""end"":69,""text"":""है"",""labels"":[""\""PART\""""]}]","245.678","देश में पहली बार National Research Foundation का निर्माण किया जा रहा है।","2025-01-26T20:30:00Z"
447,"1","2025-01-26T20:35:00Z",447,"[{""start"":0,""end"":4,""text"":""इससे"",""labels"":[""\""PRON\""""]},{""start"":5,""end"":11,""text"":""research"",""labels"":[""\""NOUN\""""]},{""start"":12,""end"":15,""text"":""से"",""labels"":[""\""ADP\""""]},{""start"":16,""end"":21,""text"":""जुड़े"",""labels"":[""\""VERB\""""]},{""start"":22,""end"":26,""text"":""संस्थानों"",""labels"":[""\""NOUN\""""]},{""start"":27,""end"":29,""text"":""के"",""labels"":[""\""ADP\""""]},{""start"":30,""end"":39,""text"":""Governance"",""labels"":[""\""PROPN\""""]},{""start"":40,""end"":48,""text"":""Structure"",""labels"":[""\""PROPN\""""]},{""start"":49,""end"":52,""text"":""से"",""labels"":[""\""ADP\""""]},{""start"":53,""end"":59,""text"":""लेकर"",""labels"":[""\""CONJ\""""]},{""start"":60,""end"":63,""text"":""R&D"",""labels"":[""\""PROPN\""""]},{""start"":64,""end"":71,""text"":""Academia"",""labels"":[""\""PROPN\""""]},{""start"":72,""end"":78,""text"":""और"",""labels"":[""\""CONJ\""""]},{""start"":79,""end"":86,""text"":""Industry"",""labels"":[""\""NOUN\""""]},{""start"":87,""end"":90,""text"":""की"",""labels"":[""\""ADP\""""]},{""start"":91,""end"":99,""text"":""Linkage"",""labels"":[""\""NOUN\""""]},{""start"":100,""end"":102,""text"":""को"",""labels"":[""\""ADP\""""]},{""start"":103,""end"":106,""text"":""बल"",""labels"":[""\""NOUN\""""]},{""start"":107,""end"":111,""text"":""मिलेगा"",""labels"":[""\""VERB\""""]},{""start"":112,""end"":114,""text"":""।"",""labels"":[""\""X\""""]}]","310.456","इससे research से जुड़े संस्थानों के Governance Structure से लेकर R&D, Academia और Industry की Linkage को बल मिलेगा।","2025-01-26T20:35:00Z"
448,"1","2025-01-26T20:40:00Z",448,"[{""start"":0,""end"":5,""text"":""Future"",""labels"":[""\""PROPN\""""]},{""start"":6,""end"":10,""text"":""Fuel"",""labels"":[""\""PROPN\""""]},{""start"":11,""end"":17,""text"":""Green"",""labels"":[""\""ADJ\""""]},{""start"":18,""end"":24,""text"":""Energy"",""labels"":[""\""NOUN\""""]},{""start"":25,""end"":32,""text"":""हमारी"",""labels"":[""\""PRON\""""]},{""start"":33,""end"":40,""text"":""Energy"",""labels"":[""\""NOUN\""""]},{""start"":41,""end"":43,""text"":""में"",""labels"":[""\""ADP\""""]},{""start"":44,""end"":48,""text"":""आत्मनिर्भरता"",""labels"":[""\""NOUN\""""]},{""start"":49,""end"":51,""text"":""के"",""labels"":[""\""ADP\""""]},{""start"":52,""end"":56,""text"":""लिए"",""labels"":[""\""ADP\""""]},{""start"":57,""end"":62,""text"":""बहुत"",""labels"":[""\""ADV\""""]},{""start"":63,""end"":66,""text"":""ज़रूरी"",""labels"":[""\""ADJ\""""]},{""start"":67,""end"":69,""text"":""है"",""labels"":[""\""VERB\""""]},{""start"":70,""end"":72,""text"":""।"",""labels"":[""\""X\""""]}]","290.123","Future Fuel, Green Energy, हमारी Energy में आत्मनिर्भरता के लिए बहुत ज़रूरी है।","2025-01-26T20:40:00Z"
449,"1","2025-01-26T20:47:23Z",449,"[{""start"":0,""end"":5,""text"":""बजट"",""labels"":[""\""NOUN\""""]},{""start"":6,""end"":8,""text"":""में"",""labels"":[""\""ADP\""""]},{""start"":9,""end"":17,""text"":""घोषित"",""labels"":[""\""VERB\""""]},{""start"":18,""end"":27,""text"":""National"",""labels"":[""\""PROPN\""""]},{""start"":28,""end"":37,""text"":""Language"",""labels"":[""\""PROPN\""""]},{""start"":38,""end"":48,""text"":""Translation"",""labels"":[""\""PROPN\""""]},{""start"":49,""end"":55,""text"":""Mission"",""labels"":[""\""PROPN\""""]},{""start"":56,""end"":58,""text"":""से"",""labels"":[""\""ADP\""""]},{""start"":59,""end"":62,""text"":""इसके"",""labels"":[""\""PRON\""""]},{""start"":63,""end"":69,""text"":""लिए"",""labels"":[""\""ADP\""""]},{""start"":70,""end"":75,""text"":""बहुत"",""labels"":[""\""ADV\""""]},{""start"":76,""end"":82,""text"":""प्रोत्साहन"",""labels"":[""\""NOUN\""""]},{""start"":83,""end"":85,""text"":""मिलेगा"",""labels"":[""\""VERB\""""]},{""start"":86,""end"":87,""text"":""।"",""labels"":[""\""X\""""]}]","312.784","बजट में घोषित National Language Translation Mission से इसके लिए बहुत प्रोत्साहन मिलेगा।","2025-01-26T20:47:23Z"
450,"1","2025-01-26T20:52:37Z",450,"[{""start"":0,""end"":5,""text"":""उन्‍होंने"",""labels"":[""\""PRON\""""]},{""start"":6,""end"":10,""text"":""यह"",""labels"":[""\""PRON\""""]},{""start"":11,""end"":19,""text"":""institute"",""labels"":[""\""NOUN\""""]},{""start"":20,""end"":26,""text"":""बनाई"",""labels"":[""\""VERB\""""]},{""start"":27,""end"":30,""text"":""थी"",""labels"":[""\""PART\""""]},{""start"":31,""end"":35,""text"":""उस"",""labels"":[""\""PRON\""""]},{""start"":36,""end"":47,""text"":""institution"",""labels"":[""\""NOUN\""""]},{""start"":48,""end"":52,""text"":""का"",""labels"":[""\""ADP\""""]},{""start"":53,""end"":57,""text"":""नाम"",""labels"":[""\""NOUN\""""]},{""start"":58,""end"":62,""text"":""विवेकानंद"",""labels"":[""\""PROPN\""""]},{""start"":63,""end"":73,""text"":""Agriculture"",""labels"":[""\""PROPN\""""]},{""start"":74,""end"":83,""text"":""Research"",""labels"":[""\""PROPN\""""]},{""start"":84,""end"":92,""text"":""Institution"",""labels"":[""\""PROPN\""""]},{""start"":93,""end"":95,""text"":""के"",""labels"":[""\""ADP\""""]},{""start"":96,""end"":100,""text"":""नाम"",""labels"":[""\""NOUN\""""]},{""start"":101,""end"":104,""text"":""से"",""labels"":[""\""ADP\""""]},{""start"":105,""end"":107,""text"":""रखा"",""labels"":[""\""VERB\""""]},{""start"":108,""end"":111,""text"":""था"",""labels"":[""\""PART\""""]},{""start"":112,""end"":113,""text"":""।"",""labels"":[""\""X\""""]}]","330.204","उन्‍होंने यह institute बनाई थी उस institution का नाम विवेकानंद Agriculture Research Institution के नाम से रखा था।","2025-01-26T20:52:37Z"
451,"1","2025-01-26T20:58:12Z",451,"[{""start"":0,""end"":7,""text"":""African"",""labels"":[""\""PROPN\""""]},{""start"":8,""end"":18,""text"":""Continental"",""labels"":[""\""PROPN\""""]},{""start"":19,""end"":23,""text"":""Free"",""labels"":[""\""PROPN\""""]},{""start"":24,""end"":29,""text"":""Trade"",""labels"":[""\""PROPN\""""]},{""start"":30,""end"":34,""text"":""Area"",""labels"":[""\""PROPN\""""]},{""start"":35,""end"":38,""text"":""की"",""labels"":[""\""ADP\""""]},{""start"":39,""end"":49,""text"":""महत्वपूर्ण"",""labels"":[""\""ADJ\""""]},{""start"":50,""end"":54,""text"":""पहल"",""labels"":[""\""NOUN\""""]},{""start"":55,""end"":57,""text"":""के"",""labels"":[""\""ADP\""""]},{""start"":58,""end"":60,""text"":""लिए"",""labels"":[""\""ADP\""""]},{""start"":61,""end"":63,""text"":""मैं"",""labels"":[""\""PRON\""""]},{""start"":64,""end"":68,""text"":""सभी"",""labels"":[""\""DET\""""]},{""start"":69,""end"":76,""text"":""अफ़्रीकी"",""labels"":[""\""ADJ\""""]},{""start"":77,""end"":81,""text"":""देशों"",""labels"":[""\""NOUN\""""]},{""start"":82,""end"":83,""text"":""को"",""labels"":[""\""ADP\""""]},{""start"":84,""end"":89,""text"":""हार्दिक"",""labels"":[""\""ADJ\""""]},{""start"":90,""end"":96,""text"":""बधाई"",""labels"":[""\""NOUN\""""]},{""start"":97,""end"":100,""text"":""देता"",""labels"":[""\""VERB\""""]},{""start"":101,""end"":102,""text"":""हूँ"",""labels"":[""\""VERB\""""]},{""start"":103,""end"":104,""text"":""।"",""labels"":[""\""X\""""]}]","315.412","African Continental Free Trade Area की महत्वपूर्ण पहल के लिए, मैं सभी अफ़्रीकी देशों को हार्दिक बधाई देता हूँ।","2025-01-26T20:58:12Z"
452,"1","2025-01-26T21:03:25Z",452,"[{""start"":0,""end"":4,""text"":""Free"",""labels"":[""\""PROPN\""""]},{""start"":5,""end"":10,""text"":""Trade"",""labels"":[""\""PROPN\""""]},{""start"":11,""end"":15,""text"":""and"",""labels"":[""\""CONJ\""""]},{""start"":16,""end"":24,""text"":""Commerce"",""labels"":[""\""PROPN\""""]},{""start"":25,""end"":27,""text"":""ने"",""labels"":[""\""VERB\""""]},{""start"":28,""end"":32,""text"":""पिछले"",""labels"":[""\""ADJ\""""]},{""start"":33,""end"":36,""text"":""तीन"",""labels"":[""\""NUM\""""]},{""start"":37,""end"":39,""text"":""दशकों"",""labels"":[""\""NOUN\""""]},{""start"":40,""end"":42,""text"":""में"",""labels"":[""\""ADP\""""]},{""start"":43,""end"":51,""text"":""hundreds"",""labels"":[""\""NUM\""""]},{""start"":52,""end"":55,""text"":""of"",""labels"":[""\""ADP\""""]},{""start"":56,""end"":67,""text"":""millions"",""labels"":[""\""NUM\""""]},{""start"":68,""end"":73,""text"":""लोगों"",""labels"":[""\""NOUN\""""]},{""start"":74,""end"":79,""text"":""को"",""labels"":[""\""ADP\""""]},{""start"":80,""end"":87,""text"":""गरीबी"",""labels"":[""\""NOUN\""""]},{""start"":88,""end"":92,""text"":""से"",""labels"":[""\""ADP\""""]},{""start"":93,""end"":98,""text"":""बाहर"",""labels"":[""\""ADV\""""]},{""start"":99,""end"":104,""text"":""निकाला"",""labels"":[""\""VERB\""""]},{""start"":105,""end"":107,""text"":""है"",""labels"":[""\""VERB\""""]},{""start"":108,""end"":109,""text"":""।"",""labels"":[""\""X\""""]}]","342.765","Free Trade and Commerce ने पिछले तीन दशकों में hundreds of millions लोगों को गरीबी से बाहर निकाला है।","2025-01-26T21:03:25Z"
453,"1","2025-01-26T21:08:47Z",453,"[{""start"":0,""end"":6,""text"":""Carbon"",""labels"":[""\""NOUN\""""]},{""start"":7,""end"":15,""text"":""Negative"",""labels"":[""\""ADJ\""""]},{""start"":16,""end"":22,""text"":""राज्यों"",""labels"":[""\""NOUN\""""]},{""start"":23,""end"":25,""text"":""की"",""labels"":[""\""ADP\""""]},{""start"":26,""end"":31,""text"":""पहचान"",""labels"":[""\""NOUN\""""]},{""start"":32,""end"":38,""text"":""देश"",""labels"":[""\""NOUN\""""]},{""start"":39,""end"":42,""text"":""के"",""labels"":[""\""ADP\""""]},{""start"":43,""end"":46,""text"":""इस"",""labels"":[""\""DET\""""]},{""start"":47,""end"":54,""text"":""क्षेत्र"",""labels"":[""\""NOUN\""""]},{""start"":55,""end"":57,""text"":""को"",""labels"":[""\""ADP\""""]},{""start"":58,""end"":62,""text"":""पूरे"",""labels"":[""\""ADJ\""""]},{""start"":63,""end"":68,""text"":""विश्व"",""labels"":[""\""NOUN\""""]},{""start"":69,""end"":74,""text"":""मानचित्र"",""labels"":[""\""NOUN\""""]},{""start"":75,""end"":77,""text"":""पर"",""labels"":[""\""ADP\""""]},{""start"":78,""end"":82,""text"":""एक"",""labels"":[""\""DET\""""]},{""start"":83,""end"":88,""text"":""बड़े"",""labels"":[""\""ADJ\""""]},{""start"":89,""end"":94,""text"":""brand"",""labels"":[""\""NOUN\""""]},{""start"":95,""end"":97,""text"":""के"",""labels"":[""\""ADP\""""]},{""start"":98,""end"":103,""text"":""तौर"",""labels"":[""\""NOUN\""""]},{""start"":104,""end"":108,""text"":""पर"",""labels"":[""\""ADP\""""]},{""start"":109,""end"":114,""text"":""स्थापित"",""labels"":[""\""VERB\""""]},{""start"":115,""end"":117,""text"":""कर"",""labels"":[""\""VERB\""""]},{""start"":118,""end"":120,""text"":""सकती"",""labels"":[""\""VERB\""""]},{""start"":121,""end"":122,""text"":""है"",""labels"":[""\""PART\""""]},{""start"":123,""end"":124,""text"":""।"",""labels"":[""\""X\""""]}]","375.653","Carbon Negative राज्यों की पहचान देश के इस क्षेत्र को पूरे विश्व मानचित्र पर एक बड़े brand के तौर पर स्थापित कर सकती है।","2025-01-26T21:08:47Z"
454,"1","2025-01-26T21:14:30Z",454,"[{""start"":0,""end"":10,""text"":""North-East"",""labels"":[""\""PROPN\""""]},{""start"":11,""end"":13,""text"":""में"",""labels"":[""\""ADP\""""]},{""start"":14,""end"":21,""text"":""Sports"",""labels"":[""\""NOUN\""""]},{""start"":22,""end"":26,""text"":""की"",""labels"":[""\""ADP\""""]},{""start"":27,""end"":33,""text"":""अपार"",""labels"":[""\""ADJ\""""]},{""start"":34,""end"":38,""text"":""क्षमता"",""labels"":[""\""NOUN\""""]},{""start"":39,""end"":40,""text"":""को"",""labels"":[""\""ADP\""""]},{""start"":41,""end"":49,""text"":""देखते"",""labels"":[""\""VERB\""""]},{""start"":50,""end"":55,""text"":""हुए"",""labels"":[""\""PART\""""]},{""start"":56,""end"":58,""text"":""ही"",""labels"":[""\""PART\""""]},{""start"":59,""end"":61,""text"":""केंद्र"",""labels"":[""\""NOUN\""""]},{""start"":62,""end"":64,""text"":""सरकार"",""labels"":[""\""NOUN\""""]},{""start"":65,""end"":66,""text"":""इस"",""labels"":[""\""DET\""""]},{""start"":67,""end"":70,""text"":""क्षेत्र"",""labels"":[""\""NOUN\""""]},{""start"":71,""end"":72,""text"":""में"",""labels"":[""\""ADP\""""]},{""start"":73,""end"":80,""text"":""इंफाल"",""labels"":[""\""PROPN\""""]},{""start"":81,""end"":84,""text"":""में"",""labels"":[""\""ADP\""""]},{""start"":85,""end"":91,""text"":""Sports"",""labels"":[""\""NOUN\""""]},{""start"":92,""end"":101,""text"":""University"",""labels"":[""\""PROPN\""""]},{""start"":102,""end"":104,""text"":""की"",""labels"":[""\""ADP\""""]},{""start"":105,""end"":109,""text"":""भी"",""labels"":[""\""PART\""""]},{""start"":110,""end"":118,""text"":""स्थापना"",""labels"":[""\""NOUN\""""]},{""start"":119,""end"":123,""text"":""कर"",""labels"":[""\""VERB\""""]},{""start"":124,""end"":126,""text"":""रही"",""labels"":[""\""VERB\""""]},{""start"":127,""end"":129,""text"":""है"",""labels"":[""\""PART\""""]},{""start"":130,""end"":131,""text"":""।"",""labels"":[""\""X\""""]}]","395.178","North-East में Sports की अपार क्षमता को देखते हुए ही केंद्र सरकार इस क्षेत्र में, इंफाल में Sports University की भी स्थापना कर रही है।","2025-01-26T21:14:30Z"
455,"1","2025-01-26T21:21:12Z",455,"[{""start"":0,""end"":5,""text"":""भारत"",""labels"":[""\""PROPN\""""]},{""start"":6,""end"":8,""text"":""के"",""labels"":[""\""ADP\""""]},{""start"":9,""end"":14,""text"":""अंदर"",""labels"":[""\""ADP\""""]},{""start"":15,""end"":22,""text"":""Solar"",""labels"":[""\""PROPN\""""]},{""start"":23,""end"":29,""text"":""Energy"",""labels"":[""\""PROPN\""""]},{""start"":30,""end"":32,""text"":""के"",""labels"":[""\""ADP\""""]},{""start"":33,""end"":39,""text"":""संबंध"",""labels"":[""\""NOUN\""""]},{""start"":40,""end"":44,""text"":""में"",""labels"":[""\""ADP\""""]},{""start"":45,""end"":51,""text"":""अलग"",""labels"":[""\""ADJ\""""]},{""start"":52,""end"":57,""text"":""तरिके"",""labels"":[""\""NOUN\""""]},{""start"":58,""end"":61,""text"":""से"",""labels"":[""\""ADP\""""]},{""start"":62,""end"":65,""text"":""सोचने"",""labels"":[""\""VERB\""""]},{""start"":66,""end"":72,""text"":""के"",""labels"":[""\""ADP\""""]},{""start"":73,""end"":81,""text"":""लिए"",""labels"":[""\""PART\""""]},{""start"":82,""end"":90,""text"":""देश"",""labels"":[""\""NOUN\""""]},{""start"":91,""end"":92,""text"":""की"",""labels"":[""\""ADP\""""]},{""start"":93,""end"":98,""text"":""सभी"",""labels"":[""\""DET\""""]},{""start"":99,""end"":104,""text"":""सरकारों"",""labels"":[""\""NOUN\""""]},{""start"":105,""end"":107,""text"":""को"",""labels"":[""\""ADP\""""]},{""start"":108,""end"":114,""text"":""प्रेरित"",""labels"":[""\""VERB\""""]},{""start"":115,""end"":116,""text"":""किया"",""labels"":[""\""VERB\""""]},{""start"":117,""end"":119,""text"":""था"",""labels"":[""\""VERB\""""]},{""start"":120,""end"":121,""text"":""।"",""labels"":[""\""X\""""]}]","396.232","भारत के अंदर Solar Energy के संबंध में अलग तरीके से सोचने के लिए देश की सभी सरकारों को प्रेरित किया था।","2025-01-26T21:21:12Z"
456,"1","2025-01-26T21:26:45Z",456,"[{""start"":0,""end"":5,""text"":""भारत"",""labels"":[""\""PROPN\""""]},{""start"":6,""end"":8,""text"":""के"",""labels"":[""\""ADP\""""]},{""start"":9,""end"":11,""text"":""लिए"",""labels"":[""\""PART\""""]},{""start"":12,""end"":20,""text"":""सिंगापुर"",""labels"":[""\""PROPN\""""]},{""start"":21,""end"":28,""text"":""Foreign"",""labels"":[""\""PROPN\""""]},{""start"":29,""end"":35,""text"":""Direct"",""labels"":[""\""PROPN\""""]},{""start"":36,""end"":48,""text"":""Investment"",""labels"":[""\""PROPN\""""]},{""start"":49,""end"":52,""text"":""का"",""labels"":[""\""ADP\""""]},{""start"":53,""end"":57,""text"":""एक"",""labels"":[""\""DET\""""]},{""start"":58,""end"":69,""text"":""महत्वपूर्ण"",""labels"":[""\""ADJ\""""]},{""start"":70,""end"":77,""text"":""स्रोत"",""labels"":[""\""NOUN\""""]},{""start"":78,""end"":80,""text"":""है"",""labels"":[""\""VERB\""""]},{""start"":81,""end"":82,""text"":""।"",""labels"":[""\""X\""""]}]","411.923","भारत के लिए सिंगापुर Foreign Direct Investment का एक महत्वपूर्ण स्रोत है।","2025-01-26T21:26:45Z"
457,"1","2025-01-26T21:32:50Z",457,"[{""start"":0,""end"":2,""text"":""कल"",""labels"":[""\""ADV\""""]},{""start"":3,""end"":8,""text"":""शाम"",""labels"":[""\""NOUN\""""]},{""start"":9,""end"":12,""text"":""सिंगापुर"",""labels"":[""\""PROPN\""""]},{""start"":13,""end"":15,""text"":""की"",""labels"":[""\""ADP\""""]},{""start"":16,""end"":24,""text"":""महत्वपूर्ण"",""labels"":[""\""ADJ\""""]},{""start"":25,""end"":35,""text"":""कंपनियों"",""labels"":[""\""NOUN\""""]},{""start"":36,""end"":39,""text"":""के"",""labels"":[""\""ADP\""""]},{""start"":40,""end"":44,""text"":""CEOs"",""labels"":[""\""PROPN\""""]},{""start"":45,""end"":48,""text"":""के"",""labels"":[""\""ADP\""""]},{""start"":49,""end"":54,""text"":""साथ"",""labels"":[""\""ADP\""""]},{""start"":55,""end"":60,""text"":""round"",""labels"":[""\""NOUN\""""]},{""start"":61,""end"":67,""text"":""table"",""labels"":[""\""NOUN\""""]},{""start"":68,""end"":71,""text"":""पर"",""labels"":[""\""ADP\""""]},{""start"":72,""end"":76,""text"":""मुझे"",""labels"":[""\""PRON\""""]},{""start"":77,""end"":80,""text"":""भारत"",""labels"":[""\""PROPN\""""]},{""start"":81,""end"":85,""text"":""के"",""labels"":[""\""ADP\""""]},{""start"":86,""end"":91,""text"":""प्रतिशत"",""labels"":[""\""NOUN\""""]},{""start"":92,""end"":98,""text"":""उनके"",""labels"":[""\""PRON\""""]},{""start"":99,""end"":106,""text"":""विश्वास"",""labels"":[""\""NOUN\""""]},{""start"":107,""end"":110,""text"":""को"",""labels"":[""\""ADP\""""]},{""start"":111,""end"":115,""text"":""देखकर"",""labels"":[""\""VERB\""""]},{""start"":116,""end"":122,""text"":""बहुत"",""labels"":[""\""ADV\""""]},{""start"":123,""end"":129,""text"":""प्रसन्नता"",""labels"":[""\""NOUN\""""]},{""start"":130,""end"":132,""text"":""हुई"",""labels"":[""\""VERB\""""]},{""start"":133,""end"":134,""text"":""।"",""labels"":[""\""X\""""]}]","445.312","कल शाम सिंगापुर की महत्वपूर्ण कंपनियों के CEOs के साथ round table पर मुझे भारत के प्रति उनके विश्वास को देखकर बहुत प्रसन्नता हुई।","2025-01-26T21:32:50Z"
458,"1","2025-01-26T21:37:10Z",458,"[{""start"":0,""end"":5,""text"":""RuPay"",""labels"":[""\""PROPN\""""]},{""start"":6,""end"":10,""text"":""BHIM"",""labels"":[""\""PROPN\""""]},{""start"":11,""end"":14,""text"":""और"",""labels"":[""\""CONJ\""""]},{""start"":15,""end"":19,""text"":""UPI"",""labels"":[""\""PROPN\""""]},{""start"":20,""end"":24,""text"":""-आधारित"",""labels"":[""\""ADJ\""""]},{""start"":25,""end"":38,""text"":""remittance"",""labels"":[""\""NOUN\""""]},{""start"":39,""end"":43,""text"":""app"",""labels"":[""\""NOUN\""""]},{""start"":44,""end"":46,""text"":""का"",""labels"":[""\""ADP\""""]},{""start"":47,""end"":52,""text"":""सिंगापुर"",""labels"":[""\""PROPN\""""]},{""start"":53,""end"":55,""text"":""में"",""labels"":[""\""ADP\""""]},{""start"":56,""end"":59,""text"":""कल"",""labels"":[""\""ADV\""""]},{""start"":60,""end"":66,""text"":""शाम"",""labels"":[""\""NOUN\""""]},{""start"":67,""end"":71,""text"":""अंतर्राष्ट्रीय"",""labels"":[""\""ADJ\""""]},{""start"":72,""end"":85,""text"":""launch"",""labels"":[""\""NOUN\""""]},{""start"":86,""end"":88,""text"":""Digital"",""labels"":[""\""PROPN\""""]},{""start"":89,""end"":94,""text"":""India"",""labels"":[""\""PROPN\""""]},{""start"":95,""end"":97,""text"":""तथा"",""labels"":[""\""CONJ\""""]},{""start"":98,""end"":101,""text"":""हमारी"",""labels"":[""\""PRON\""""]},{""start"":102,""end"":108,""text"":""भागीदारी"",""labels"":[""\""NOUN\""""]},{""start"":109,""end"":112,""text"":""की"",""labels"":[""\""ADP\""""]},{""start"":113,""end"":122,""text"":""नवीनता"",""labels"":[""\""NOUN\""""]},{""start"":123,""end"":124,""text"":""की"",""labels"":[""\""ADP\""""]},{""start"":125,""end"":132,""text"":""भावना"",""labels"":[""\""NOUN\""""]},{""start"":133,""end"":135,""text"":""को"",""labels"":[""\""ADP\""""]},{""start"":136,""end"":141,""text"":""दर्शाता"",""labels"":[""\""VERB\""""]},{""start"":142,""end"":144,""text"":""है"",""labels"":[""\""VERB\""""]},{""start"":145,""end"":146,""text"":""।"",""labels"":[""\""X\""""]}]","456.234","RuPay, BHIM और UPI-आधारित remittance app का सिंगापुर में कल शाम अंतर्राष्ट्रीय launch Digital India तथा हमारी भागीदारी की नवीनता की भावना को दर्शाता है।","2025-01-26T21:37:10Z"
459,"1","2025-01-26T21:40:15Z",459,"[{""start"":0,""end"":7,""text"":""सरकार"",""labels"":[""\""NOUN\""""]},{""start"":8,""end"":15,""text"":""आने"",""labels"":[""\""VERB\""""]},{""start"":16,""end"":18,""text"":""वाले"",""labels"":[""\""ADJ\""""]},{""start"":19,""end"":22,""text"":""दिनों"",""labels"":[""\""NOUN\""""]},{""start"":23,""end"":25,""text"":""में"",""labels"":[""\""ADP\""""]},{""start"":26,""end"":34,""text"":""Maritime"",""labels"":[""\""PROPN\""""]},{""start"":35,""end"":44,""text"":""University"",""labels"":[""\""PROPN\""""]},{""start"":45,""end"":46,""text"":""बनाने"",""labels"":[""\""VERB\""""]},{""start"":47,""end"":51,""text"":""और"",""labels"":[""\""CONJ\""""]},{""start"":52,""end"":59,""text"":""लोथल"",""labels"":[""\""PROPN\""""]},{""start"":60,""end"":65,""text"":""में"",""labels"":[""\""ADP\""""]},{""start"":66,""end"":70,""text"":""Maritime"",""labels"":[""\""PROPN\""""]},{""start"":71,""end"":78,""text"":""Museum"",""labels"":[""\""PROPN\""""]},{""start"":79,""end"":80,""text"":""बनाने"",""labels"":[""\""VERB\""""]},{""start"":81,""end"":83,""text"":""पर"",""labels"":[""\""ADP\""""]},{""start"":84,""end"":87,""text"":""भी"",""labels"":[""\""PART\""""]},{""start"":88,""end"":90,""text"":""बहुत"",""labels"":[""\""ADV\""""]},{""start"":91,""end"":98,""text"":""विस्‍तार"",""labels"":[""\""NOUN\""""]},{""start"":99,""end"":103,""text"":""से"",""labels"":[""\""ADP\""""]},{""start"":104,""end"":107,""text"":""काम"",""labels"":[""\""NOUN\""""]},{""start"":108,""end"":113,""text"":""इन"",""labels"":[""\""ADP\""""]},{""start"":114,""end"":116,""text"":""दिनों"",""labels"":[""\""NOUN\""""]},{""start"":117,""end"":119,""text"":""चल"",""labels"":[""\""VERB\""""]},{""start"":120,""end"":123,""text"":""रहा"",""labels"":[""\""VERB\""""]},{""start"":124,""end"":126,""text"":""है"",""labels"":[""\""VERB\""""]},{""start"":127,""end"":128,""text"":""।"",""labels"":[""\""X\""""]}]","457.183","सरकार आने वाले दिनों में Maritime University बनाने और लोथल में Maritime Museum बनाने पर भी बहुत विस्‍तार से काम इन दिनों चल रहा है।","2025-01-26T21:40:15Z"
460,"1","2025-01-26T21:42:05Z",460,"[{""start"":0,""end"":9,""text"":""साथियों"",""labels"":[""\""NOUN\""""]},{""start"":10,""end"":11,""text"":""सरकार"",""labels"":[""\""NOUN\""""]},{""start"":12,""end"":18,""text"":""भावनगर"",""labels"":[""\""PROPN\""""]},{""start"":19,""end"":21,""text"":""से"",""labels"":[""\""ADP\""""]},{""start"":22,""end"":29,""text"":""Alang-Sosiya"",""labels"":[""\""PROPN\""""]},{""start"":30,""end"":40,""text"":""Ship"",""labels"":[""\""NOUN\""""]},{""start"":41,""end"":49,""text"":""Recycling"",""labels"":[""\""NOUN\""""]},{""start"":50,""end"":54,""text"":""Yard"",""labels"":[""\""NOUN\""""]},{""start"":55,""end"":57,""text"":""तक"",""labels"":[""\""ADP\""""]},{""start"":58,""end"":60,""text"":""के"",""labels"":[""\""ADP\""""]},{""start"":61,""end"":63,""text"":""लिए"",""labels"":[""\""ADP\""""]},{""start"":64,""end"":66,""text"":""एक"",""labels"":[""\""NUM\""""]},{""start"":67,""end"":72,""text"":""alternative"",""labels"":[""\""ADJ\""""]},{""start"":73,""end"":77,""text"":""road"",""labels"":[""\""NOUN\""""]},{""start"":78,""end"":80,""text"":""भी"",""labels"":[""\""PART\""""]},{""start"":81,""end"":83,""text"":""उस"",""labels"":[""\""PRON\""""]},{""start"":84,""end"":86,""text"":""पर"",""labels"":[""\""ADP\""""]},{""start"":87,""end"":91,""text"":""भी"",""labels"":[""\""PART\""""]},{""start"":92,""end"":95,""text"":""काम"",""labels"":[""\""NOUN\""""]},{""start"":96,""end"":99,""text"":""कर"",""labels"":[""\""VERB\""""]},{""start"":100,""end"":102,""text"":""रही"",""labels"":[""\""VERB\""""]},{""start"":103,""end"":105,""text"":""है"",""labels"":[""\""VERB\""""]},{""start"":106,""end"":107,""text"":""।"",""labels"":[""\""X\""""]}]","458.122","साथियों, सरकार भावनगर से Alang-Sosiya Ship Recycling Yard तक के लिए एक alternative road भी उस पर भी काम कर रही है।","2025-01-26T21:42:05Z"
461,"1","2025-01-26T21:44:50Z",461,"[{""start"":0,""end"":7,""text"":""Dholera"",""labels"":[""\""PROPN\""""]},{""start"":8,""end"":11,""text"":""SIR"",""labels"":[""\""PROPN\""""]},{""start"":12,""end"":13,""text"":""भारत"",""labels"":[""\""PROPN\""""]},{""start"":14,""end"":15,""text"":""ही"",""labels"":[""\""PRON\""""]},{""start"":16,""end"":18,""text"":""नहीं"",""labels"":[""\""PART_NEG\""""]},{""start"":19,""end"":21,""text"":""विश्‍व"",""labels"":[""\""NOUN\""""]},{""start"":22,""end"":25,""text"":""के"",""labels"":[""\""ADP\""""]},{""start"":26,""end"":32,""text"":""नक्‍शे"",""labels"":[""\""NOUN\""""]},{""start"":33,""end"":38,""text"":""पर"",""labels"":[""\""ADP\""""]},{""start"":39,""end"":44,""text"":""विकसित"",""labels"":[""\""VERB\""""]},{""start"":45,""end"":47,""text"":""होने"",""labels"":[""\""VERB\""""]},{""start"":48,""end"":53,""text"":""वाला"",""labels"":[""\""ADJ\""""]},{""start"":54,""end"":57,""text"":""यह"",""labels"":[""\""PRON\""""]},{""start"":58,""end"":63,""text"":""सबसे"",""labels"":[""\""ADV\""""]},{""start"":64,""end"":70,""text"":""बड़ा"",""labels"":[""\""ADJ\""""]},{""start"":71,""end"":74,""text"":""औद्योगिक"",""labels"":[""\""ADJ\""""]},{""start"":75,""end"":81,""text"":""केंद्र"",""labels"":[""\""NOUN\""""]},{""start"":82,""end"":83,""text"":""होने"",""labels"":[""\""VERB\""""]},{""start"":84,""end"":87,""text"":""वाला"",""labels"":[""\""ADJ\""""]},{""start"":88,""end"":90,""text"":""है"",""labels"":[""\""VERB\""""]},{""start"":91,""end"":92,""text"":""।"",""labels"":[""\""X\""""]}]","459.212","Dholera SIR भारत ही नहीं विश्‍व के नक्‍शे पर विकसित होने वाला ये सबसे बड़ा औद्योगिक केंद्र होने वाला है।","2025-01-26T21:44:50Z"
